{"cameraMode":{"drawMode":0,"name":"Shaded","section":"Shading Mode"},"sceneLighting":true,"audioPlay":false,"sceneViewState":{"m_AlwaysRefresh":false,"showFog":true,"showSkybox":true,"showFlares":true,"showImageEffects":true,"showParticleSystems":true,"showVisualEffectGraphs":true,"m_FxEnabled":true},"in2DMode":false,"pivot":{"x":-0.4875097870826721,"y":-2.3145813941955568,"z":-2.4296576976776125},"rotation":{"x":0.0009764711721800268,"y":0.9552395343780518,"z":-0.2958141267299652,"w":0.003153313649818301},"size":6.266026020050049,"orthographic":false}