{"cameraMode":{"drawMode":0,"name":"Shaded","section":"Shading Mode"},"sceneLighting":true,"audioPlay":false,"sceneViewState":{"m_AlwaysRefresh":false,"showFog":true,"showSkybox":true,"showFlares":true,"showImageEffects":true,"showParticleSystems":true,"showVisualEffectGraphs":true,"m_FxEnabled":true},"in2DMode":false,"pivot":{"x":1.3310824632644654,"y":1.5151128768920899,"z":3.0142204761505129},"rotation":{"x":-0.04561683163046837,"y":0.9543707966804504,"z":-0.21122214198112489,"w":-0.20611083507537843},"size":-0.15084916353225709,"orthographic":false}